domain,category
ggpht.com,youtube
googlevideo.com,youtube
jnn-pa.googleapis.com,youtube
returnyoutubedislikeapi.com,youtube
wide-youtube.l.google.com,youtube
youtu.be,youtube
youtube-nocookie.com,youtube
youtube-ui.l.google.com,youtube
youtube.com,youtube
youtubeembeddedplayer.googleapis.com,youtube
youtubei.googleapis.com,youtube
youtubekids.com,youtube
yt-video-upload.l.google.com,youtube
yt.be,youtube
yt3.googleusercontent.com,youtube
ytimg.com,youtube
ytimg.l.google.com,youtube
yting.com,youtube
dis.gd,discord
discord-activities.com,discord
discord-attachments-uploads-prd.storage.googleapis.com,discord
discord.co,discord
discord.com,discord
discord.design,discord
discord.dev,discord
discord.gg,discord
discord.gift,discord
discord.gifts,discord
discord.media,discord
discord.new,discord
discord.store,discord
discord.tools,discord
discordactivities.com,discord
discordapp.com,discord
discordapp.net,discord
discordmerch.com,discord
discordpartygames.com,discord
discordapp.io,discord
discordapp.page.link,discord
discordcdn.com,discord
discordstatus.com,discord
discordsays.com,discord
hammerandchisel.ssl.zendesk.com,discord
cdninstagram.com,meta
circlecrewpinkcrowd.com,meta
facebook.com,meta
facebook.net,meta
fb.com,meta
fbcdn.net,meta
fbsbx.com,meta
ig.me,meta
instagram.com,meta
internalfb.com,meta
meta.com,meta
oculus.com,meta
threads.com,meta
threads.net,meta
wa.me,meta
whatsapp.biz,meta
whatsapp.com,meta
whatsapp.net,meta
cdn-telegram.org,telegram
comments.app,telegram
contest.com,telegram
fragment.com,telegram
graph.org,telegram
quiz.directory,telegram
t.me,telegram
tdesktop.com,telegram
telega.one,telegram
telegra.ph,telegram
telegram-cdn.org,telegram
telegram.dog,telegram
telegram.me,telegram
telegram.org,telegram
telegram.space,telegram
telesco.pe,telegram
tg.dev,telegram
ton.org,telegram
tx.me,telegram
usercontent.dev,telegram
ads-twitter.com,twitter
cms-twdigitalassets.com,twitter
grok.com,twitter
periscope.tv,twitter
pscp.tv,twitter
t.co,twitter
tellapart.com,twitter
tweetdeck.com,twitter
twimg.com,twitter
twitpic.com,twitter
twitter.biz,twitter
twitter.com,twitter
twitter.jp,twitter
twittercommunity.com,twitter
twitterflightschool.com,twitter
twitterinc.com,twitter
twitteroauth.com,twitter
twitterstat.us,twitter
twtrdns.net,twitter
twttr.com,twitter
twttr.net,twitter
twvid.com,twitter
vine.co,twitter
x.ai,twitter
x.com,twitter
ai.google.dev,google-ai
aida.googleapis.com,google-ai
aisandbox-pa.googleapis.com,google-ai
aistudio.google.com,google-ai
antigravity-pa.googleapis.com,google-ai
antigravity-unleash.goog,google-ai
antigravity.google,google-ai
antigravity.googleapis.com,google-ai
bard.google.com,google-ai
clients6.google.com,google-ai
deepmind.com,google-ai
deepmind.google,google-ai
firebaseinstallations.googleapis.com,google-ai
geller-pa.googleapis.com,google-ai
gemini.google,google-ai
gemini.google.com,google-ai
generativeai.google,google-ai
generativelanguage.googleapis.com,google-ai
jules.google,google-ai
jules.google.com,google-ai
labs.google,google-ai
makersuite.google.com,google-ai
notebooklm.google,google-ai
notebooklm.google.com,google-ai
proactivebackend-pa.googleapis.com,google-ai
robinfrontend-pa.googleapis.com,google-ai
speechs3proto2-pa.googleapis.com,google-ai
stitch.withgoogle.com,google-ai
android.clients.google.com,google-play
beacons.gvt2.com,google-play
connectivitycheck.gstatic.com,google-play
googleplay.com,google-play
gvt1.com,google-play
lh3.googleusercontent.com,google-play
play-fe.googleapis.com,google-play
play-games.googleusercontent.com,google-play
play-lh.googleusercontent.com,google-play
play.google.com,google-play
play.googleapis.com,google-play
prod-lt-playstoregatewayadapter-pa.googleapis.com,google-play
hangouts.googleapis.com,google-meet
meet.google.com,google-meet
meetings.clients6.google.com,google-meet
meetings.googleapis.com,google-meet
stream.meet.google.com,google-meet
byteoversea.com,tiktok
ibytedtos.com,tiktok
muscdn.com,tiktok
musical.ly,tiktok
tik-tokapi.com,tiktok
tiktok.com,tiktok
tiktokcdn-eu.com,tiktok
tiktokcdn-us.com,tiktok
tiktokcdn.com,tiktok
tiktokd.net,tiktok
tiktokd.org,tiktok
tiktokv.com,tiktok
tiktokv.eu,tiktok
tiktokv.us,tiktok
tiktokw.us,tiktok
ttwstatic.com,tiktok
hd-rezka.tv,hdrezka
hdrezka.ac,hdrezka
hdrezka.ag,hdrezka
hdrezka.app,hdrezka
hdrezka.me,hdrezka
hdrezka.tech,hdrezka
hdrezka.tv,hdrezka
hdrzk.org,hdrezka
rezka-ua.in,hdrezka
rezka.ag,hdrezka
rezka.cc,hdrezka
rezka.fi,hdrezka
rezka.land,hdrezka
rezka.my,hdrezka
rezka.tv,hdrezka
rezkify.com,hdrezka
voidboost.cc,hdrezka
rbxcdn.com,roblox
rbxinfra.net,roblox
roblox.com,roblox
robloxdev.com,roblox
chatgpt.com,openai
oaiusercontent.com,openai
openai.com,openai
sora.com,openai
anthropic.com,claude
claude.ai,claude
claude.com,claude
3os.org,hodca
acclaimedvideogames.com,hodca
adbappcontrol.com,hodca
ajay.app,hodca
allawnos.com,hodca
alterportal.net,hodca
amazon.com,hodca
amazonaws.com,hodca
aniliberty.top,hodca
archlinux.org,hodca
armbian.com,hodca
armbian.de,hodca
artixlinux.org,hodca
artstation.com,hodca
beamng.com,hodca
beatmods.com,hodca
beatsaver.com,hodca
bitbucket.org,hodca
bitru.org,hodca
bitvise.com,hodca
blackhatworld.com,hodca
britishcouncil.org,hodca
bsmanager.io,hodca
callfilter.app,hodca
capcut.com,hodca
capcutapi.com,hodca
capcutstatic.com,hodca
capcutvod.com,hodca
cdn-lfs-eu-1.hf.co,hodca
cdn-lfs-us-1.hf.co,hodca
cdn-lfs.hf.co,hodca
cdn-lfs.huggingface.co,hodca
cdn-service.space,hodca
cdn.embedly.com,hodca
cdn.polyhaven.com,hodca
cdn.web-global.fds.api.mi-img.com,hodca
cdnjs.com,hodca
check-host.net,hodca
clashverge.dev,hodca
clerk.com,hodca
clerk.dev,hodca
clickup-attachments.com,hodca
cloudflare.com,hodca
cloudflarestatus.com,hodca
cloudflarestorage.com,hodca
cloudfront.net,hodca
cloudns.net,hodca
clubtv.pro,hodca
cochrane.org,hodca
coderabbit.ai,hodca
consensus.app,hodca
convertunits.com,hodca
crdroid.net,hodca
curseforge.com,hodca
customfw.xyz,hodca
d4c.nintendo.net,hodca
desec.io,hodca
dev.to,hodca
digitalocean.com,hodca
discogs.com,hodca
discourse-cdn.com,hodca
dockhand.pro,hodca
dodopayments.com,hodca
dosvid.tk,hodca
dragons.nintendo.net,hodca
drpool.io,hodca
ds-servers.com,hodca
dvprogram.state.gov,hodca
eaaccounts.akamaized.net,hodca
easysimplesolution.net,hodca
edx.org,hodca
elsevier.com,hodca
elsevier.com.cdn.cloudflare.net,hodca
eshop.nintendo.net,hodca
ezgif.com,hodca
fandom.com,hodca
fedoraproject.org,hodca
feeds.feedburner.com,hodca
figshare.com,hodca
filmix.my,hodca
flathub.org,hodca
flclash.cc,hodca
forum.syncthing.net,hodca
fosshub.com,hodca
fossorial.io,hodca
friendlyelec.com,hodca
fwupd.org,hodca
galaxy.ansible.com,hodca
geekbench.com,hodca
gitlab.com,hodca
gizmochina.com,hodca
gnome.org,hodca
gopro.com,hodca
grafana.net,hodca
heavyfetish.com,hodca
helpdesk-static.com,hodca
helpdesk.com,hodca
heltec.org,hodca
hetzner.cloud,hodca
hetzner.com,hodca
higgsfield.ai,hodca
hostero.eu,hodca
howtogeek.com,hodca
htx.com,hodca
huggingface.co,hodca
imagedelivery.net,hodca
imazing.com,hodca
imgbb.com,hodca
imigo.ai,hodca
inoreader.com,hodca
iot334.com,hodca
ipinfo.app,hodca
irc-ws.chat.twitch.tv,hodca
ixxx.com,hodca
izzysoft.de,hodca
jellyfin.org,hodca
jinxxy.com,hodca
joeysretrohandhelds.com,hodca
karing.app,hodca
kde.org,hodca
kyoceradocumentsolutions.com,hodca
lenso.ai,hodca
libria.fun,hodca
lifeforge.dev,hodca
linuxserver.io,hodca
litellm.ai,hodca
livechat.com,hodca
livechatinc.com,hodca
llhost.eu,hodca
localsend.org,hodca
lowendtalk.com,hodca
luadns.com,hodca
magicalchemy.org,hodca
manjaro.org,hodca
maximoff.su,hodca
mdpi.com,hodca
media5.cdnbase.com,hodca
mediafilez.forgecdn.net,hodca
memepedia.ru,hodca
meshtastic.org,hodca
mirror.chaotic.cx,hodca
monochrome.tf,hodca
music.apple.com,hodca
netbird.io,hodca
nextcloud.com,hodca
nextdirect.com,hodca
nexusmods.com,hodca
nintendo.com,hodca
nixos.org,hodca
nuxt.com,hodca
nvidia.com,hodca
ocbase.com,hodca
one.one.one.one,hodca
opencode.ai,hodca
openrailwaymap.org,hodca
opensubtitles.org,hodca
opentext.com,hodca
openwrt.org,hodca
opintopolku.fi,hodca
ovh.ie,hodca
ovhcloud.com,hodca
pantone.com,hodca
pastebin.com,hodca
patterns.dev,hodca
pdfcoffee.com,hodca
pinata.cloud,hodca
ping-admin.com,hodca
pinia-colada.esm.dev,hodca
pinterest.com,hodca
plantuml.com,hodca
porkbun.com,hodca
pplx-res.cloudinary.com,hodca
protondb.com,hodca
pstatic.net,hodca
pstmn.io,hodca
pusher.com,hodca
pypi.org,hodca
qualtrics.com,hodca
reddit.com,hodca
redux.js.org,hodca
resizing.flixster.com,hodca
rosepinetheme.com,hodca
rottentomatoes.com,hodca
rulet.tv,hodca
russianfood.com,hodca
sb-cd.com,hodca
sbox.game,hodca
scira.ai,hodca
scribd.com,hodca
seriesgraph.com,hodca
shara-mail.com,hodca
silabs.com,hodca
sing-box.sagernet.org,hodca
skillsforall.com,hodca
smods.ru,hodca
snikket.org,hodca
spankbang.com,hodca
srv.nintendo.net,hodca
static.wixstatic.com,hodca
steamos.cloud,hodca
storybook.js.org,hodca
strapi.io,hodca
stripe.com,hodca
stripecdn.com,hodca
studyinfinland.fi,hodca
succurity.com,hodca
sxyprn.com,hodca
sxyprn.net,hodca
tailwind-variants.org,hodca
tefl.org,hodca
text.com,hodca
thelancet.com,hodca
tiny.cloud,hodca
transistor.fm,hodca
tremendous.com,hodca
trueachievements.com,hodca
tunemymusic.com,hodca
tuya-inc.cn,hodca
tuya.com,hodca
tuyaaf.com,hodca
tuyacn.com,hodca
tuyaeu.com,hodca
tuyain.com,hodca
tuyaus.com,hodca
ubuntu-touch.io,hodca
use.typekit.net,hodca
userbenchmark.com,hodca
utils.docs.rw,hodca
vecpea.com,hodca
vivo.com.cn,hodca
vod.streamgum.com,hodca
vpnjantit.com,hodca
vrchat.cloud,hodca
vrchat.com,hodca
walletbot.me,hodca
wayground.com,hodca
wbinsights.com,hodca
whoer.net,hodca
windowsupdate.com,hodca
wwnd.space,hodca
xda-developers.com,hodca
xdaforums.com,hodca
xraycore.org,hodca
yarnpkg.com,hodca
youngliving.com,hodca
zerotier.com,hodca
4pda.to,ru-ip-blocked
4pda.ws,ru-ip-blocked
a-vrv.akamaized.net,ru-ip-blocked
abercrombie.com,ru-ip-blocked
adidas.com,ru-ip-blocked
adobe.com,ru-ip-blocked
adobe.io,ru-ip-blocked
adobe.net,ru-ip-blocked
affinity.studio,ru-ip-blocked
ai-chat.bsg.brave.com,ru-ip-blocked
ai.com,ru-ip-blocked
aircanada.com,ru-ip-blocked
akc.org,ru-ip-blocked
all3dp.com,ru-ip-blocked
alphacoders.com,ru-ip-blocked
alza.hu,ru-ip-blocked
amazfitwatchfaces.com,ru-ip-blocked
amplitude.com,ru-ip-blocked
analog.com,ru-ip-blocked
andrevi.ch,ru-ip-blocked
ansys.com,ru-ip-blocked
anthropic.qualtrics.com,ru-ip-blocked
api.jetbrains.ai,ru-ip-blocked
api.themoviedb.org,ru-ip-blocked
app.zerossl.com,ru-ip-blocked
arc.net,ru-ip-blocked
arduino.cc,ru-ip-blocked
assets.heroku.com,ru-ip-blocked
atlassian.com,ru-ip-blocked
att.com,ru-ip-blocked
augmentcode.com,ru-ip-blocked
autodesk.com,ru-ip-blocked
backend-v2.crixet.com,ru-ip-blocked
bell-sw.com,ru-ip-blocked
bestbuy.com,ru-ip-blocked
bitdefender.com,ru-ip-blocked
bitnami.com,ru-ip-blocked
blinkshot.io,ru-ip-blocked
bosch.com,ru-ip-blocked
boschaftermarket.com,ru-ip-blocked
boschautoparts.com,ru-ip-blocked
brawlstarsgame.com,ru-ip-blocked
broadcom.com,ru-ip-blocked
broncosportforum.com,ru-ip-blocked
btod.com,ru-ip-blocked
buanzo.org,ru-ip-blocked
buf.build,ru-ip-blocked
builds.parsec.app,ru-ip-blocked
buymeacoffee.com,ru-ip-blocked
canva.com,ru-ip-blocked
canva.dev,ru-ip-blocked
capacitorjs.com,ru-ip-blocked
carrefouruae.com,ru-ip-blocked
cats.com,ru-ip-blocked
cdn.web-platform.io,ru-ip-blocked
cdromance.org,ru-ip-blocked
cdw.com,ru-ip-blocked
chainreactioncycles.com,ru-ip-blocked
chaos.com,ru-ip-blocked
chat.com,ru-ip-blocked
chat.openai.com.cdn.cloudflare.net,ru-ip-blocked
cisco.com,ru-ip-blocked
cisecurity.org,ru-ip-blocked
citrix.com,ru-ip-blocked
clamav.net,ru-ip-blocked
clashofclans.com,ru-ip-blocked
clashroyaleapp.com,ru-ip-blocked
clevelandclinic.org,ru-ip-blocked
clickup.com,ru-ip-blocked
clip.opus.pro,ru-ip-blocked
code.gist.build,ru-ip-blocked
codeium.com,ru-ip-blocked
coingate.com,ru-ip-blocked
community.sophos.com,ru-ip-blocked
connect.ngrok-agent.com,ru-ip-blocked
contabo.com,ru-ip-blocked
copilot.microsoft.com,ru-ip-blocked
corsair.com,ru-ip-blocked
cpu-monkey.com,ru-ip-blocked
credly.com,ru-ip-blocked
crunchyroll.com,ru-ip-blocked
cvedetails.com,ru-ip-blocked
daemon-tools.cc,ru-ip-blocked
dashboard.algolia.com,ru-ip-blocked
dashboard.gitguardian.com,ru-ip-blocked
data-cdn.mbamupdates.com,ru-ip-blocked
data.cline.bot,ru-ip-blocked
deepl.com,ru-ip-blocked
deezer.com,ru-ip-blocked
dell.com,ru-ip-blocked
dellcdn.com,ru-ip-blocked
designer.microsoft.com,ru-ip-blocked
developer.nvidia.com,ru-ip-blocked
devexpress.com,ru-ip-blocked
diabrowser.com,ru-ip-blocked
digitalcontent.sky,ru-ip-blocked
disctech.com,ru-ip-blocked
disneyplus.com,ru-ip-blocked
docs.liquibase.com,ru-ip-blocked
document360.com,ru-ip-blocked
document360.io,ru-ip-blocked
download3.omnissa.com,ru-ip-blocked
downloads.intercomcdn.com,ru-ip-blocked
ducati.com,ru-ip-blocked
dyson.com,ru-ip-blocked
easydmarc.com,ru-ip-blocked
editorx.com,ru-ip-blocked
elevenlabs.io,ru-ip-blocked
eneba.com,ru-ip-blocked
etsy.com,ru-ip-blocked
exchanger.bits.media,ru-ip-blocked
expandrive.com,ru-ip-blocked
extremetech.com,ru-ip-blocked
f1.com,ru-ip-blocked
fast.com,ru-ip-blocked
filebin.net,ru-ip-blocked
files.manus.cdn,ru-ip-blocked
fivetran.com,ru-ip-blocked
flir.com,ru-ip-blocked
flir.eu,ru-ip-blocked
flourish.studio,ru-ip-blocked
fluke.com,ru-ip-blocked
flukenetworks.com,ru-ip-blocked
flyertalk.com,ru-ip-blocked
footballapi.pulselive.com,ru-ip-blocked
force-user-content.com,ru-ip-blocked
force.com,ru-ip-blocked
formula1.com,ru-ip-blocked
forum.netgate.com,ru-ip-blocked
framer.com,ru-ip-blocked
freeimages.com,ru-ip-blocked
fxnetworks.com,ru-ip-blocked
g2a.com,ru-ip-blocked
gamestop.com,ru-ip-blocked
gaming.amazon.com,ru-ip-blocked
geforcenow.com,ru-ip-blocked
genspark.ai,ru-ip-blocked
geolocation.onetrust.com,ru-ip-blocked
getoutline.com,ru-ip-blocked
gfn.am,ru-ip-blocked
ghostrc.game.idtech.services,ru-ip-blocked
global.fncstatic.com,ru-ip-blocked
glpals.com,ru-ip-blocked
gofund.me,ru-ip-blocked
gofundme.com,ru-ip-blocked
gonift.com,ru-ip-blocked
gpsonextra.net,ru-ip-blocked
gpu-monkey.com,ru-ip-blocked
gql.twitch.tv,ru-ip-blocked
grafana.com,ru-ip-blocked
graylog.org,ru-ip-blocked
grizzlysms.com,ru-ip-blocked
grok.x.com,ru-ip-blocked
groq.com,ru-ip-blocked
groupon.com,ru-ip-blocked
guilded.gg,ru-ip-blocked
habr.com,ru-ip-blocked
hashicorp.com,ru-ip-blocked
haydaygame.com,ru-ip-blocked
hbomax.com,ru-ip-blocked
hc-ping.com,ru-ip-blocked
hchk.io,ru-ip-blocked
healthline.com,ru-ip-blocked
herokucdn.com,ru-ip-blocked
hollisterco.com,ru-ip-blocked
home-connect.com,ru-ip-blocked
home.by.me,ru-ip-blocked
hostinger.com,ru-ip-blocked
hotels.com,ru-ip-blocked
housebrand.com,ru-ip-blocked
htmhell.dev,ru-ip-blocked
httptoolkit.com,ru-ip-blocked
hume.ai,ru-ip-blocked
hybrid-analysis.com,ru-ip-blocked
ibm.com,ru-ip-blocked
iherb.com,ru-ip-blocked
ikea.com,ru-ip-blocked
image.tmdb.org,ru-ip-blocked
imgur.com,ru-ip-blocked
indeed.com,ru-ip-blocked
install.launcher.omniverse.nvidia.com,ru-ip-blocked
intel.com,ru-ip-blocked
intel.de,ru-ip-blocked
intel.nl,ru-ip-blocked
intelix.sophos.com,ru-ip-blocked
intercom.io,ru-ip-blocked
intuit.com,ru-ip-blocked
intuitibits.com,ru-ip-blocked
itninja.com,ru-ip-blocked
jamf.com,ru-ip-blocked
jetbrains.com,ru-ip-blocked
jetbrains.space,ru-ip-blocked
joesandbox.com,ru-ip-blocked
kaleido.ai,ru-ip-blocked
keysight.com,ru-ip-blocked
kinogo.la,ru-ip-blocked
klarna.com,ru-ip-blocked
kmail-lists.com,ru-ip-blocked
lambdalabs.com,ru-ip-blocked
langdock.com,ru-ip-blocked
last.fm,ru-ip-blocked
ldoceonline.com,ru-ip-blocked
legalshield.com,ru-ip-blocked
lgeapi.com,ru-ip-blocked
lgthinq.com,ru-ip-blocked
lidarr.audio,ru-ip-blocked
lifehacker.com,ru-ip-blocked
lightning.ai,ru-ip-blocked
lookerstudio.google.com,ru-ip-blocked
lyst.com,ru-ip-blocked
mailerlite.com,ru-ip-blocked
mailinator.com,ru-ip-blocked
manus.im,ru-ip-blocked
manybooks.net,ru-ip-blocked
marvelsnap.com,ru-ip-blocked
mattermost.com,ru-ip-blocked
max.com,ru-ip-blocked
medicalnewstoday.com,ru-ip-blocked
meetup.com,ru-ip-blocked
metopera.org,ru-ip-blocked
middlewareinventory.com,ru-ip-blocked
mintmobile.com,ru-ip-blocked
miracleptr.wordpress.com,ru-ip-blocked
mixcloud.com,ru-ip-blocked
mongodb.com,ru-ip-blocked
monoprice.com,ru-ip-blocked
mouser.com,ru-ip-blocked
mouser.fi,ru-ip-blocked
mssg.me,ru-ip-blocked
multisim.com,ru-ip-blocked
myheritage.com,ru-ip-blocked
myjetbrains.com,ru-ip-blocked
myparallels.com,ru-ip-blocked
myqrcode.com,ru-ip-blocked
nba.com,ru-ip-blocked
neo4j.com,ru-ip-blocked
netacad.com,ru-ip-blocked
netapp.com,ru-ip-blocked
netflix.ca,ru-ip-blocked
netflix.com,ru-ip-blocked
netflix.net,ru-ip-blocked
netflixinvestor.com,ru-ip-blocked
netflixtechblog.com,ru-ip-blocked
netlify.com,ru-ip-blocked
new.abb.com,ru-ip-blocked
newark.com,ru-ip-blocked
newsroom.porsche.com,ru-ip-blocked
nfl.com,ru-ip-blocked
nflxext.com,ru-ip-blocked
nflximg.com,ru-ip-blocked
nflximg.net,ru-ip-blocked
nflxsearch.net,ru-ip-blocked
nflxso.net,ru-ip-blocked
nflxvideo.net,ru-ip-blocked
ngrok.com,ru-ip-blocked
ni.com,ru-ip-blocked
nike.com,ru-ip-blocked
nitropdf.com,ru-ip-blocked
nordaccount.com,ru-ip-blocked
nordcdn.com,ru-ip-blocked
nordvpn.com,ru-ip-blocked
notion-emojis.s3-us-west-2.amazonaws.com,ru-ip-blocked
notion-static.com,ru-ip-blocked
notion.com,ru-ip-blocked
notion.new,ru-ip-blocked
notion.site,ru-ip-blocked
notion.so,ru-ip-blocked
ntp.msn.com,ru-ip-blocked
nxp.com,ru-ip-blocked
oaistatic.com,ru-ip-blocked
ocstore.com,ru-ip-blocked
octopus.do,ru-ip-blocked
omnissa.com,ru-ip-blocked
onfastspring.com,ru-ip-blocked
onshape.com,ru-ip-blocked
openh264.org,ru-ip-blocked
openrouter.ai,ru-ip-blocked
oracle.com,ru-ip-blocked
oraclecloud.com,ru-ip-blocked
paddle.com,ru-ip-blocked
paddlestatus.com,ru-ip-blocked
pandasecurity.com,ru-ip-blocked
parallels.cn,ru-ip-blocked
parallels.com,ru-ip-blocked
parallels.net,ru-ip-blocked
parallelsaccess.com,ru-ip-blocked
paritydeals.com,ru-ip-blocked
pcgamesn.com,ru-ip-blocked
pcmag.com,ru-ip-blocked
penguin.com,ru-ip-blocked
penguinrandomhouse.com,ru-ip-blocked
pexels.com,ru-ip-blocked
philiascans.org,ru-ip-blocked
pingdom.com,ru-ip-blocked
pkgs.tailscale.com,ru-ip-blocked
platform.activestate.com,ru-ip-blocked
plugshare.com,ru-ip-blocked
posthog.com,ru-ip-blocked
premierleague.com,ru-ip-blocked
primark.com,ru-ip-blocked
primevideo.com,ru-ip-blocked
production-openaicom-storage.azureedge.net,ru-ip-blocked
profitwell.com,ru-ip-blocked
prowlarr.com,ru-ip-blocked
public.parsec.app,ru-ip-blocked
qodana.cloud,ru-ip-blocked
qoder.com,ru-ip-blocked
qt.io,ru-ip-blocked
qualcomm.com,ru-ip-blocked
quicknode.com,ru-ip-blocked
qwant.com,ru-ip-blocked
reactflow.dev,ru-ip-blocked
recraft.ai,ru-ip-blocked
redis.io,ru-ip-blocked
redislabs.com,ru-ip-blocked
remna.st,ru-ip-blocked
remove.bg,ru-ip-blocked
research.net,ru-ip-blocked
reve.art,ru-ip-blocked
salesforce-experience.com,ru-ip-blocked
salesforce-hub.com,ru-ip-blocked
salesforce-scrt.com,ru-ip-blocked
salesforce-setup.com,ru-ip-blocked
salesforce-sites.com,ru-ip-blocked
salesforce.com,ru-ip-blocked
salesforceiq.com,ru-ip-blocked
salesforceliveagent.com,ru-ip-blocked
schneider-electric.com,ru-ip-blocked
sdxcentral.com,ru-ip-blocked
se.com,ru-ip-blocked
seconddinnertech.com,ru-ip-blocked
semrush.com,ru-ip-blocked
sentry.dev,ru-ip-blocked
sentry.io,ru-ip-blocked
sephora.com,ru-ip-blocked
servarr.com,ru-ip-blocked
sfdcopens.com,ru-ip-blocked
shinyhardware.co.uk,ru-ip-blocked
shop.gameloft.com,ru-ip-blocked
singlekey-id.com,ru-ip-blocked
site.com,ru-ip-blocked
siteground.com,ru-ip-blocked
sketchup.com,ru-ip-blocked
sky.com,ru-ip-blocked
skycdp.com,ru-ip-blocked
smartbear.co,ru-ip-blocked
smartbear.com,ru-ip-blocked
smartdeploy.com,ru-ip-blocked
snapgametech.com,ru-ip-blocked
snapgene.com,ru-ip-blocked
snort.org,ru-ip-blocked
snyk.io,ru-ip-blocked
solarwinds.com,ru-ip-blocked
sonara.ai,ru-ip-blocked
spacelift.io,ru-ip-blocked
spiceworks.com,ru-ip-blocked
spitfireaudio.com,ru-ip-blocked
spotify.com,ru-ip-blocked
squadbustersgame.com,ru-ip-blocked
squareup.com,ru-ip-blocked
strava.com,ru-ip-blocked
streamable.com,ru-ip-blocked
suggestqueries.google.com,ru-ip-blocked
supercell.com,ru-ip-blocked
support.anydesk.com,ru-ip-blocked
support.xerox.com,ru-ip-blocked
surveymonkey.com,ru-ip-blocked
swagger.io,ru-ip-blocked
swapd.co,ru-ip-blocked
synoforum.com,ru-ip-blocked
tableau.com,ru-ip-blocked
talosintelligence.com,ru-ip-blocked
teamviewer.com,ru-ip-blocked
techbargains.com,ru-ip-blocked
telemetr.io,ru-ip-blocked
tempmail.plus,ru-ip-blocked
terraform.io,ru-ip-blocked
theaudiodb.com,ru-ip-blocked
themoviedb.org,ru-ip-blocked
ti.com,ru-ip-blocked
tidal.com,ru-ip-blocked
timberland.de,ru-ip-blocked
tmdb-image-prod.b-cdn.net,ru-ip-blocked
tmdb.com,ru-ip-blocked
tmdb.org,ru-ip-blocked
toolbox.app,ru-ip-blocked
torrenteditor.com,ru-ip-blocked
trae.ai,ru-ip-blocked
trailblazer.me,ru-ip-blocked
trailhead.com,ru-ip-blocked
transferwise.com,ru-ip-blocked
tria.ge,ru-ip-blocked
truthsocial.com,ru-ip-blocked
tsmc.com,ru-ip-blocked
tutanota.com,ru-ip-blocked
typing.com,ru-ip-blocked
uaudio.com,ru-ip-blocked
uizard.io,ru-ip-blocked
unscreen.com,ru-ip-blocked
upwork.com,ru-ip-blocked
usher.ttvnw.net,ru-ip-blocked
v.vrv.co,ru-ip-blocked
vagrantcloud.com,ru-ip-blocked
veeam.com,ru-ip-blocked
verificationacademy.com,ru-ip-blocked
vmware.com,ru-ip-blocked
vod-fy.crunchyrollcdn.com,ru-ip-blocked
volkswagen-classic-parts.com,ru-ip-blocked
vyos.io,ru-ip-blocked
w.atwiki.jp,ru-ip-blocked
walmart.com,ru-ip-blocked
watchguard.com,ru-ip-blocked
watermarkremover.io,ru-ip-blocked
wbagora.com,ru-ip-blocked
wbgames.com,ru-ip-blocked
weather.com,ru-ip-blocked
webnames.ca,ru-ip-blocked
weebly.com,ru-ip-blocked
wetransfer.com,ru-ip-blocked
widgetapp.stream,ru-ip-blocked
wikidot.com,ru-ip-blocked
windsurf.com,ru-ip-blocked
wise.com,ru-ip-blocked
wpengine.com,ru-ip-blocked
wunderground.com,ru-ip-blocked
www3.corsair.com,ru-ip-blocked
x-minus.pro,ru-ip-blocked
xiaomi.eu,ru-ip-blocked
xrite.com,ru-ip-blocked
xsts.auth.xboxlive.com,ru-ip-blocked
xtracloud.net,ru-ip-blocked
yeggi.com,ru-ip-blocked
youtrack.cloud,ru-ip-blocked
zapier.com,ru-ip-blocked
zedge.net,ru-ip-blocked
24.kg,news
7dniv.rv.ua,news
9tv.co.il,news
activatica.org,news
agents.media,news
api.theins.info,news
arbat.media,news
atn.ua,news
azathabar.com,news
azattyq.org,news
baikal-journal.ru,news
bbc.co.uk,news
bbc.com,news
bbci.co.uk,news
bellingcat.com,news
bihus.info,news
blackseanews.net,news
censor.net,news
cherta.media,news
colta.ru,news
csskor.ill.in.ua,news
currenttime.tv,news
cursorinfo.co.il,news
cyxymu.info,news
dailylviv.com,news
delfi.lt,news
delfi.lv,news
discours.io,news
dovod.online,news
doxa.team,news
dumka.media,news
dw.com,news
echofm.online,news
ej.ru,news
ekhokavkaza.com,news
espreso.tv,news
euronews.com,news
europesays.com,news
euroradio.fm,news
eutrp.eu,news
expres.online,news
fn-volga.ru,news
fonge.org,news
fortanga.org,news
foxnews.com,news
freemedia.io,news
germania.one,news
glavred.info,news
glavred.net,news
golosameriki.com,news
grani.ru,news
graty.me,news
gulagu.net,news
holod.media,news
hromadske.ua,news
hs.fi,news
i.sakh.com,news
idelreal.org,news
important-stories.com,news
interfax.com.ua,news
is.fi,news
istories.media,news
itsmycity.ru,news
jskor.ill.in.ua,news
kaktus.media,news
kasparov.ru,news
kavkaz-uzel.eu,news
kavkazr.com,news
kolsar.org,news
kor.ill.in.ua,news
korrespondent.net,news
kovcheg.live,news
krymr.com,news
lamcdn.net,news
liga.net,news
locals.md,news
mbk-news.appspot.com,news
mediazona.ca,news
meduza.io,news
merezha.co,news
metla.press,news
mezha.net,news
mignews.com,news
moscowtimes.ru,news
news.google.com,news
newsru.co.il,news
newsru.com,news
newtimes.ru,news
novaya.no,news
novayagazeta.eu,news
novayagazeta.ru,news
novyny.live,news
obozrevatel.com,news
oi.legal,news
openmedia.io,news
opposition-news.com,news
ovd.info,news
ovd.legal,news
ovd.news,news
ovdinfo.org,news
ozodi.org,news
pap.pl,news
paperpaper.io,news
paperpaper.ru,news
patriot.dp.ua,news
polit.ru,news
politico.eu,news
politiken.dk,news
portal.lviv.ua,news
posle.media,news
postimees.ee,news
pravda.com,news
pravda.com.ua,news
proekt.media,news
prosleduetmedia.com,news
provereno.media,news
r4.err.ee,news
radiosakharov.org,news
radiosvoboda.org,news
rbc.ua,news
realist.online,news
republic.ru,news
rezonans.media,news
rferl.org,news
rima.media,news
roar-review.com,news
root-nation.com,news
roskomsvoboda.org,news
rus.delfi.ee,news
rus.jauns.lv,news
sakhalin.info,news
sakharovfoundation.org,news
semnasem.org,news
severreal.org,news
sibreal.org,news
skat.media,news
slavicsac.com,news
sobesednik.com,news
sotaproject.com,news
spektr.press,news
spiegel.de,news
sputnikipogrom.com,news
strana.news,news
strana.today,news
suspilne.media,news
svidomi.in.ua,news
svoboda.org,news
svoi.kr.ua,news
svtv.org,news
t-invariant.org,news
tayga.info,news
telegraf.by,news
telegraf.news,news
telegraph.co.uk,news
the-village.ru,news
thebarentsobserver.com,news
thebell.io,news
theins.press,news
theins.ru,news
themoscowtimes.com,news
thetruestory.news,news
tvfreedom.io,news
tvrain.ru,news
tvrain.tv,news
ui.ill.in.ua,news
ukr.radio,news
ukrainer.net,news
ukrinform.net,news
unian.ua,news
usa.one,news
usatoday.com,news
verstka.media,news
vesma.one,news
vesma.today,news
vesty.co.il,news
voanews.com,news
vot-tak.tv,news
welt.de,news
wonderzine.com,news
yle.fi,news
zahav.ru,news
zaxid.net,news
zerkalo.io,news
zona.media,news
adultmult.tv,anime
amedia.site,anime
anilib.me,anime
anilibria.org,anime
anilibria.tv,anime
anilibria.uno,anime
anilibria.wtf,anime
animaunt.org,anime
anime-portal.su,anime
animebest.org,anime
animedia.tv,anime
animego.org,anime
animespirit.ru,anime
anistar.org,anime
anistars.ru,anime
bato.to,anime
danbooru.donmai.us,anime
delivery.2d.net.co,anime
dorama.live,anime
doramalive.ru,anime
doramy.club,anime
e621.net,anime
ficbook.net,anime
gelbooru.com,anime
jut-su.net,anime
jut.su,anime
kara.su,anime
kemono.su,anime
manga-chan.me,anime
mangadex.org,anime
mangahub.ru,anime
mangapark.net,anime
myanimelist.net,anime
mydoramy.club,anime
shikimori.me,anime
shikimori.one,anime
shiza-project.com,anime
slashlib.me,anime
sovetromantica.com,anime
vndb.org,anime
yande.re,anime
yummyani.me,anime
attachments.f95zone.to,adult
babepedia.com,adult
chaturbate.com,adult
coomer.su,adult
e-hentai.org,adult
eporner.com,adult
etahub.com,adult
fansly.com,adult
fapello.com,adult
freeones.com,adult
hentai-foundry.com,adult
hitomi.la,adult
hqporner.com,adult
idolcomplex.com,adult
manyvids.com,adult
mmcdn.com,adult
multporn.net,adult
nhentai.com,adult
nhentai.net,adult
nude-moon.org,adult
phncdn.com,adult
phncdn.com.sds.rncdn7.com,adult
playboy.com,adult
pornhub.com,adult
pornhub.org,adult
pornolab.net,adult
realbooru.com,adult
reddxxx.com,adult
redgifs.com,adult
rentry.org,adult
rule34.art,adult
rule34.us,adult
rule34.xxx,adult
sankakuapi.com,adult
sankakucomplex.com,adult
sankakustatic.com,adult
theporndude.com,adult
ukdevilz.com,adult
vipergirls.to,adult
xhamster.com,adult
xhamsterlive.com,adult
xhcdn.com,adult
xnxx-cdn.com,adult
xnxx-ru.com,adult
xnxx.com,adult
xnxx.net,adult
xnxx.tv,adult
xnxx3.com,adult
xv-ru.com,adult
xvideos-cdn.com,adult
xvideos.com,adult
.ua,blocked
10minutemail.com,blocked
1337x.to,blocked
4freerussia.org,blocked
4pna.com,blocked
5sim.net,blocked
7tv.app,blocked
7tv.io,blocked
abook-club.ru,blocked
academy.terrasoft.ua,blocked
adguard-vpn.com,blocked
adguard.com,blocked
adminforge.de,blocked
ahrefs.com,blocked
allegro.pl,blocked
amdm.ru,blocked
amnezia.org,blocked
amx.com,blocked
anidub.com,blocked
annas-archive.org,blocked
any.do,blocked
aol.com,blocked
api.service-kp.com,blocked
apkmirror.com,blocked
archive.ph,blocked
archiveofourown.org,blocked
as6723.net,blocked
atv4.dnskp.cc,blocked
audiobookbay.lu,blocked
avira.com,blocked
babook.org,blocked
baginya.org,blocked
bcbits.com,blocked
bestchange.ru,blocked
bluehost.com,blocked
booktracker.org,blocked
boominfo.org,blocked
booth.pm,blocked
booth.pximg.net,blocked
botnadzor.org,blocked
bt4gprx.com,blocked
btdig.com,blocked
bufferbloat.net,blocked
carnegieendowment.org,blocked
cbilling.eu,blocked
cbilling.vip,blocked
cdnbunny.org,blocked
censortracker.org,blocked
charhub.io,blocked
chess.com,blocked
chesscomfiles.com,blocked
chub.ai,blocked
cloudtorrents.com,blocked
cnd2exp.online,blocked
cock.li,blocked
codelinaro.org,blocked
coinpayments.net,blocked
coinsbee.com,blocked
coldfilm.city,blocked
coldfilm.ink,blocked
coldfilm.xyz,blocked
coursera.org,blocked
croxyproxy.com,blocked
cub.red,blocked
cursor-cdn.com,blocked
cursor.sh,blocked
cursorapi.com,blocked
cyberghostvpn.com,blocked
deckbrew.xyz,blocked
decrypt.day,blocked
deepstatemap.live,blocked
depositphotos.com,blocked
designify.com,blocked
deviantart.com,blocked
digash.live,blocked
digikey.com,blocked
dpidetector.org,blocked
dreamhost.com,blocked
dub.sh,blocked
edu-cisco.org,blocked
ef.com,blocked
ef.edu,blocked
eggertspiele.de,blocked
element14.com,blocked
elements.envato.com,blocked
epidemz.net.co,blocked
everand.com,blocked
exler.es,blocked
f95-zone.to,blocked
fast-torrent.club,blocked
fastpic.org,blocked
filmitorrent.net,blocked
filmix.ac,blocked
filmix.biz,blocked
filmix.day,blocked
filmix.fan,blocked
filmix.fm,blocked
filmix.la,blocked
flibusta.is,blocked
flibusta.net,blocked
flipboard.com,blocked
flisland.net,blocked
fls.guru,blocked
forklog.com,blocked
forum.ru-board.com,blocked
framer.app,blocked
framercanvas.com,blocked
framercdn.com,blocked
framerstatic.com,blocked
framerusercontent.com,blocked
freedomletters.org,blocked
gagadget.com,blocked
gamedistribution.com,blocked
gamesrepack.com,blocked
getoutline.org,blocked
gifyu.com,blocked
git.new,blocked
godaddy.com,blocked
gofile.io,blocked
gonitro.com,blocked
goodreads.com,blocked
gr-assets.com,blocked
hackernoon.com,blocked
hackmd.io,blocked
halooglasi.com,blocked
hdkinoteatr.com,blocked
hdstudio.org,blocked
hostgator.com,blocked
iditelesombase.org,blocked
iedb.org,blocked
ign.com,blocked
iichan.hk,blocked
ilook.tv,blocked
incy.cc,blocked
indiehackers.com,blocked
infineon.com,blocked
insearch.site,blocked
interactivebrokers.co.uk,blocked
ionos.com,blocked
iptv.online,blocked
itch.io,blocked
jetbrains.team,blocked
jw-russia.org,blocked
jw.org,blocked
kamatera.com,blocked
kilo.ai,blocked
kilocode.ai,blocked
kino.pub,blocked
kinogo.ec,blocked
kinogo.uk,blocked
kinopub.me,blocked
kinovod.net,blocked
kinozal.guru,blocked
kinozal.me,blocked
kinozal.tv,blocked
kinozaltv.life,blocked
knews.kg,blocked
knowyourmeme.com,blocked
kupujemprodajem.com,blocked
kym-cdn.com,blocked
lantern.io,blocked
le-production.tv,blocked
leafletjs.com,blocked
lib.rus.ec,blocked
libgen.li,blocked
licdn.com,blocked
linear.app,blocked
lingq.com,blocked
linkedin.com,blocked
linktr.ee,blocked
livetv.sx,blocked
liveuamap.com,blocked
lolz.guru,blocked
lostfilm.download,blocked
lostfilm.tv,blocked
lostfilm.tw,blocked
lostfilm.uno,blocked
lostfilmtv2.site,blocked
lu4.org,blocked
lucid.app,blocked
magaz.global,blocked
mail-api.proton.me,blocked
mailfence.com,blocked
mailo.com,blocked
make.com,blocked
malwarebytes.com,blocked
mashable.com,blocked
medium.com,blocked
mega.nz,blocked
megapeer.ru,blocked
megapeer.vip,blocked
metacritic.com,blocked
metal-archives.com,blocked
modrinth.com,blocked
monolisa.dev,blocked
more.fm,blocked
mullvad.net,blocked
musicbrainz.org,blocked
musixmatch.com,blocked
mw2.wiki,blocked
navalny.com,blocked
neformat.com.ua,blocked
networksolutions.com,blocked
nhl.com,blocked
nih.gov,blocked
nippon.com,blocked
nnmclub.to,blocked
nnmstatic.win,blocked
notepad-plus-plus.org,blocked
novaline.fm,blocked
ntc.party,blocked
ohmyswift.ru,blocked
okx.com,blocked
olx.ua,blocked
omv-extras.org,blocked
onlinesim.io,blocked
opensanctions.org,blocked
opensea.io,blocked
opentrackr.org,blocked
pages.dev,blocked
patreon.com,blocked
patreonusercontent.com,blocked
paywithmoon.com,blocked
pb.wtf,blocked
pimpletv.ru,blocked
piratbit.top,blocked
pixabay.com,blocked
pixiv.net,blocked
polymarket.com,blocked
primevue.org,blocked
privatekeys.pw,blocked
prnt.sc,blocked
pronouns.page,blocked
prostovpn.org,blocked
proton.me,blocked
protonvpn.com,blocked
psiphon.ca,blocked
pvpessence.com,blocked
qobuz.com,blocked
quora.com,blocked
quora.com.cdn.cloudflare.net,blocked
radiojar.com,blocked
redshieldvpn.com,blocked
refactoring.guru,blocked
render-state.to,blocked
rentry.co,blocked
restream.io,blocked
rf.dobrochan.net,blocked
riperam.org,blocked
riseup.net,blocked
rublacklist.net,blocked
ruscryde.net,blocked
rustorka.com,blocked
rutor.info,blocked
rutor.is,blocked
rutor.org,blocked
rutracker.cc,blocked
rutracker.net,blocked
rutracker.org,blocked
rutracker.wiki,blocked
sap.com,blocked
saverudata.net,blocked
sci-hub.se,blocked
sci-hub.st,blocked
scrollrevealjs.org,blocked
scryde.io,blocked
scryde.net,blocked
scryde.ru,blocked
scryde.world,blocked
scryde1.net,blocked
scryde10.net,blocked
scryde11.net,blocked
scryde12.net,blocked
scryde2.net,blocked
scryde3.net,blocked
scryde4.net,blocked
scryde5.net,blocked
scryde6.net,blocked
scryde7.net,blocked
scryde8.net,blocked
scryde9.net,blocked
searchfloor.org,blocked
seasonvar.ru,blocked
selezen.org,blocked
sharefile.com,blocked
sharefile.io,blocked
showip.net,blocked
signal.org,blocked
sigsauer.com,blocked
simplex.chat,blocked
simplex.im,blocked
simplix.info,blocked
skiff.com,blocked
skladchik.com,blocked
sklatchiki.ru,blocked
slifki.biz,blocked
sms-activate.io,blocked
sndcdn.com,blocked
sophos.com,blocked
soundcloud.cloud,blocked
soundcloud.com,blocked
speedtest.net,blocked
spreadthesign.com,blocked
squietpc.com,blocked
startmail.com,blocked
startpage.com,blocked
static.lostfilm.top,blocked
statology.org,blocked
steamstat.info,blocked
supersliv.biz,blocked
surfshark.com,blocked
swissinfo.ch,blocked
switchroot.org,blocked
syslog-ng.com,blocked
te-st.org,blocked
temu.com,blocked
thepiratebay.org,blocked
thetvdb.com,blocked
threema.ch,blocked
tiptop-vpn.com,blocked
torproject.org,blocked
torrentgalaxy.to,blocked
trellix.com,blocked
trueblackmetalradio.com,blocked
turbobit.net,blocked
tuta.com,blocked
tuta.io,blocked
tvdevinfo.com,blocked
twin.me,blocked
twinlife-systems.com,blocked
twinme.com,blocked
twirpx.com,blocked
ukr.net,blocked
ukrtelcdn.net,blocked
unsplash.com,blocked
urlr.me,blocked
viber.com,blocked
vice.com,blocked
visualcapitalist.com,blocked
vpngate.net,blocked
vpngen.org,blocked
vpnlove.me,blocked
vpnpay.io,blocked
wdfiles.com,blocked
webmd.com,blocked
webtoons.com,blocked
wiki.fextralife.com,blocked
wilsoncenter.org,blocked
windows10spotlight.com,blocked
zbigz.com,blocked
zendesk.com,blocked
gbatemp.net,blocked
procustodibus.com,blocked
zerossl.com,blocked
sephora.fr,ru-ip-blocked
demdex.net,hodca
cnstrc.com,ru-ip-blocked
techlab-cdn.com,hodca
adobedtm.com,hodca
go-mpulse.net,hodca
forter.com,ru-ip-blocked
hosthatch.com,blocked
1018213540.rsc.cdn77.org,russia-outside
alfabank.ru,russia-outside
avtodor-tr.ru,russia-outside
b2c-ticket-sentry.onelya.ru,russia-outside
bitrix.info,russia-outside
bkvet.ru,russia-outside
cdn1.ozonusercontent.com,russia-outside
cms1.dzvr.ru,russia-outside
counter.yadro.ru,russia-outside
dzvr.ru,russia-outside
emex.ru,russia-outside
fairplay-proxy.ott.yandex.ru,russia-outside
fssp.gov.ru,russia-outside
gorzdrav.spb.ru,russia-outside
gosuslugi.ru,russia-outside
gov.ru,russia-outside
graphql.kinopoisk.ru,russia-outside
gu-st.ru,russia-outside
lemanapro.ru,russia-outside
leroymerlin.ru,russia-outside
mobileapp.russianpost.ru,russia-outside
mos.ru,russia-outside
mosenergosbyt.ru,russia-outside
mosreg.ru,russia-outside
nalog.ru,russia-outside
ozon.ru,russia-outside
pesc.ru,russia-outside
pochta.ru,russia-outside
reso.ru,russia-outside
rosreestr.gov.ru,russia-outside
rzd-bonus.ru,russia-outside
rzd.ru,russia-outside
sberbank.ru,russia-outside
showip.net,russia-outside
sys.refocus.ru,russia-outside
tbank.ru,russia-outside
vshark.ttk.ru,russia-outside
vtb.ru,russia-outside
widevine-proxy.ott.yandex.ru,russia-outside
xn--90aijkdmaud0d.xn--p1ai,russia-outside
yandex.net,russia-outside
